Search Query,Specs Link
yezdi bikes,https://www.bikedekho.com/yezdi-motorcycles/cruiser/specifications
yezdi bikes,https://www.bikedekho.com/yezdi-motorcycles/adventure/specifications
yezdi bikes,https://www.bikedekho.com/yezdi-motorcycles/roadking/specifications
ultraviolet bike,https://www.bikedekho.com/ultraviolette/f77/specifications
Hero bike,https://www.bikedekho.com/hero/splendor/specifications
Hero bike,https://www.bikedekho.com/hero/xtreme-125r/specifications
Hero bike,https://www.bikedekho.com/hero/hf-deluxe/specifications
Hero bike,https://www.bikedekho.com/hero/splendor-plus-xtec/specifications
Hero bike,https://www.bikedekho.com/hero/xpulse-200/specifications
Hero bike,https://www.bikedekho.com/hero/xtreme-160r/specifications
Hero bike,https://www.bikedekho.com/hero/glamour-2017/specifications
Hero bike,https://www.bikedekho.com/hero/passion-pro-110/specifications
Hero bike,https://www.bikedekho.com/hero/mavrick-440/specifications
Hero bike,https://www.bikedekho.com/hero/pleasure-2019/specifications
Hero bike,https://www.bikedekho.com/hero/super-splendor-xtec/specifications
Hero bike,https://www.bikedekho.com/hero/karizma-xmr-210/specifications
Hero bike,https://www.bikedekho.com/hero/glamour-xtec/specifications
Hero bike,https://www.bikedekho.com/hero/hero-passion-plus/specifications
Hero bike,https://www.bikedekho.com/hero/xtreme-160r-4v/specifications
Hero bike,https://www.bikedekho.com/hero/destini-125/specifications
Hero bike,https://www.bikedekho.com/hero/xoom-110/specifications
Hero bike,https://www.bikedekho.com/hero/hf-100/specifications
Hero bike,https://www.bikedekho.com/hero/xtreme-200s/specifications
Hero bike,https://www.bikedekho.com/hero/xpulse-200t/specifications
Aprilia Bikes,https://www.bikedekho.com/aprilia/rs440/specifications
Aprilia Bikes,https://www.bikedekho.com/aprilia/sr-160-bs6/specifications
Aprilia Bikes,https://www.bikedekho.com/aprilia/sr-125/specifications
Aprilia Bikes,https://www.bikedekho.com/aprilia/rs-660/specifications
Aprilia Bikes,https://www.bikedekho.com/aprilia/sxr160/specifications
Aprilia Bikes,https://www.bikedekho.com/aprilia/rsv4/specifications
Aprilia Bikes,https://www.bikedekho.com/aprilia/storm-125/specifications
Aprilia Bikes,https://www.bikedekho.com/aprilia/tuono-v4/specifications
Aprilia Bikes,https://www.bikedekho.com/aprilia/sxr-125/specifications
Aprilia Bikes,https://www.bikedekho.com/aprilia/tuono-660/specifications
Bajaj bike,https://www.bikedekho.com/bajaj/bajaj-pulsar-200-ns/specifications
Bajaj bike,https://www.bikedekho.com/bajaj/pulsar-125/specifications
Bajaj bike,https://www.bikedekho.com/bajaj/pulsar-150/specifications
Bajaj bike,https://www.bikedekho.com/bajaj/pulsar-ns-125/specifications
Bajaj bike,https://www.bikedekho.com/bajaj/pulsar-n160/specifications
Bajaj bike,https://www.bikedekho.com/bajaj/pulsar-150-ns/specifications
Bajaj bike,https://www.bikedekho.com/bajaj/pulsar-220/specifications
Bajaj bike,https://www.bikedekho.com/bajaj/dominar-400/specifications
Bajaj bike,https://www.bikedekho.com/bajaj/chetak/specifications
Bajaj bike,https://www.bikedekho.com/bajaj/platina/specifications
Bajaj bike,https://www.bikedekho.com/bajaj/pulsar-n150/specifications
Bajaj bike,https://www.bikedekho.com/bajaj/pulsar-n250/specifications
Bajaj bike,https://www.bikedekho.com/bajaj/dominar-250/specifications
Bajaj bike,https://www.bikedekho.com/bajaj/platina-100/specifications
Bajaj bike,https://www.bikedekho.com/bajaj/avenger-160/specifications
Bajaj bike,https://www.bikedekho.com/bajaj/ct110/specifications
Bajaj bike,https://www.bikedekho.com/bajaj/pulsar-250/specifications
Bajaj bike,https://www.bikedekho.com/bajaj/avenger-cruise-220/specifications
Bajaj bike,https://www.bikedekho.com/bajaj/ct-125x/specifications
Bajaj bike,https://www.bikedekho.com/bajaj/pulsar-p150/specifications
TVS bike,https://www.bikedekho.com/tvs/apache-160/specifications
TVS bike,https://www.bikedekho.com/tvs/raider/specifications
TVS bike,https://www.bikedekho.com/tvs/apache/specifications
TVS bike,https://www.bikedekho.com/tvs/ntorq-125/specifications
TVS bike,https://www.bikedekho.com/tvs/jupiter/specifications
TVS bike,https://www.bikedekho.com/tvs/iqube-electric/specifications
TVS bike,https://www.bikedekho.com/tvs/apache-rtr-310/specifications
TVS bike,https://www.bikedekho.com/tvs/jupiter-125/specifications
TVS bike,https://www.bikedekho.com/tvs/xl-100/specifications
TVS bike,https://www.bikedekho.com/tvs/ronin/specifications
TVS bike,https://www.bikedekho.com/tvs/apache-rr-310/specifications
TVS bike,https://www.bikedekho.com/tvs/scooty/specifications
TVS bike,https://www.bikedekho.com/tvs/apache-rtr-180/specifications
TVS bike,https://www.bikedekho.com/tvs/sport/specifications
TVS bike,https://www.bikedekho.com/tvs/scooty-zest/specifications
TVS bike,https://www.bikedekho.com/tvs/radeon/specifications
TVS bike,https://www.bikedekho.com/tvs/apache-rtr-200-4v/specifications
TVS bike,https://www.bikedekho.com/tvs/star-city-plus/specifications
TVS bike,https://www.bikedekho.com/tvs/x-electric-scooter/specifications
Royal Enfield bike,https://www.bikedekho.com/royal-enfield/classic-350/specifications
Royal Enfield bike,https://www.bikedekho.com/royal-enfield/hunter/specifications
Royal Enfield bike,https://www.bikedekho.com/royal-enfield/bullet-350/specifications
Royal Enfield bike,https://www.bikedekho.com/royal-enfield/continental-gt-650/specifications
Royal Enfield bike,https://www.bikedekho.com/royal-enfield/himalayan/specifications
Royal Enfield bike,https://www.bikedekho.com/royal-enfield/meteor/specifications
Royal Enfield bike,https://www.bikedekho.com/royal-enfield/interceptor-650/specifications
Royal Enfield bike,https://www.bikedekho.com/royal-enfield/super-meteor-650/specifications
Royal Enfield bike,https://www.bikedekho.com/royal-enfield/shotgun/specifications
Royal Enfield bike,https://www.bikedekho.com/royal-enfield/scram/specifications
Honda bike,https://www.bikedekho.com/honda/activa/specifications
Honda bike,https://www.bikedekho.com/honda/sp125/specifications
Honda bike,https://www.bikedekho.com/honda/shine/specifications
Honda bike,https://www.bikedekho.com/honda/activa-125/specifications
Honda bike,https://www.bikedekho.com/honda/dio/specifications
Honda bike,https://www.bikedekho.com/honda/shine-100/specifications
Honda bike,https://www.bikedekho.com/honda/hornet-20/specifications
Honda bike,https://www.bikedekho.com/honda/hness-cb350/specifications
Honda bike,https://www.bikedekho.com/honda/sp160/specifications
Honda bike,https://www.bikedekho.com/honda/dio-125/specifications
Honda bike,https://www.bikedekho.com/honda/cb200x/specifications
Honda bike,https://www.bikedekho.com/honda/cb300f/specifications
Honda bike,https://www.bikedekho.com/honda/livo/specifications
Honda bike,https://www.bikedekho.com/honda/cb350/specifications
Honda bike,https://www.bikedekho.com/honda/cb350rs/specifications
Honda bike,https://www.bikedekho.com/honda/cd-110-dream/specifications
Honda bike,https://www.bikedekho.com/honda/cb300r/specifications
Honda bike,https://www.bikedekho.com/honda/gold-wing/specifications
Honda bike,https://www.bikedekho.com/honda/nx500/specifications
Honda bike,https://www.bikedekho.com/honda/crf-1100l/specifications
Yamaha bike,https://www.bikedekho.com/yamaha/mt-15/specifications
Yamaha bike,https://www.bikedekho.com/yamaha/r15-v4/specifications
Yamaha bike,https://www.bikedekho.com/yamaha/yzf-r15-v3/specifications
Yamaha bike,https://www.bikedekho.com/yamaha/fz-s-fi-version-3/specifications
Yamaha bike,https://www.bikedekho.com/yamaha/fz-fi-version-3/specifications
Yamaha bike,https://www.bikedekho.com/yamaha/aerox-155/specifications
Yamaha bike,https://www.bikedekho.com/yamaha/fascino/specifications
Yamaha bike,https://www.bikedekho.com/yamaha/fzs-fi-v4/specifications
Yamaha bike,https://www.bikedekho.com/yamaha/fz-x/specifications
Yamaha bike,https://www.bikedekho.com/yamaha/2021-r3/specifications
Yamaha bike,https://www.bikedekho.com/yamaha/mt-03/specifications
Yamaha bike,https://www.bikedekho.com/yamaha/fz-250/specifications
Suzuki bike,https://www.bikedekho.com/suzuki/access-125/specifications
Suzuki bike,https://www.bikedekho.com/suzuki/hayabusa/specifications
Suzuki bike,https://www.bikedekho.com/suzuki/burgman-street/specifications
Suzuki bike,https://www.bikedekho.com/suzuki/gixxer-sf/specifications
Suzuki bike,https://www.bikedekho.com/suzuki/avenis/specifications
Suzuki bike,https://www.bikedekho.com/suzuki/gixxer-250/specifications
Suzuki bike,https://www.bikedekho.com/suzuki/v-strom-250/specifications
Suzuki bike,https://www.bikedekho.com/suzuki/gixxer250/specifications
Suzuki bike,https://www.bikedekho.com/suzuki/v-strom-800-de/specifications
KTM bike,https://www.bikedekho.com/ktm/duke-390/specifications
KTM bike,https://www.bikedekho.com/ktm/duke-200/specifications
KTM bike,https://www.bikedekho.com/ktm/duke-250/specifications
KTM bike,https://www.bikedekho.com/ktm/125-duke/specifications
KTM bike,https://www.bikedekho.com/ktm/rc-390/specifications
KTM bike,https://www.bikedekho.com/ktm/rc-125/specifications
KTM bike,https://www.bikedekho.com/ktm/390-adventure/specifications
KTM bike,https://www.bikedekho.com/ktm/250-adventure/specifications
Jawa bike,https://www.bikedekho.com/jawa-motorcycles/42-bobber/specifications
Jawa bike,https://www.bikedekho.com/jawa-motorcycles/jawa-forty-two/specifications
Jawa bike,https://www.bikedekho.com/jawa-motorcycles/jawa-perak/specifications
Jawa bike,https://www.bikedekho.com/jawa-motorcycles/jawa-300/specifications
Benelli bike,https://www.bikedekho.com/benelli/trk-502/specifications
Benelli bike,https://www.bikedekho.com/benelli/imperiale-400/specifications
Benelli bike,https://www.bikedekho.com/benelli/trk-251/specifications
Benelli bike,https://www.bikedekho.com/benelli/502-c/specifications
Harley bike,https://www.bikedekho.com/harley-davidson/x440/specifications
Harley bike,https://www.bikedekho.com/harley-davidson/custom-1250/specifications
Harley bike,https://www.bikedekho.com/harley-davidson/fat-boy/specifications
Harley bike,https://www.bikedekho.com/harley-davidson/pan-america-1250/specifications
Harley bike,https://www.bikedekho.com/harley-davidson/fat-bob/specifications
Harley bike,https://www.bikedekho.com/harley-davidson/road-glide-special/specifications
Harley bike,https://www.bikedekho.com/harley-davidson/street-glide/specifications
Triumph bike,https://www.bikedekho.com/triumph/speed-400/specifications
Triumph bike,https://www.bikedekho.com/triumph/scrambler-400x/specifications
Triumph bike,https://www.bikedekho.com/triumph/rocket-3/specifications
Triumph bike,https://www.bikedekho.com/triumph/street-triple/specifications
Triumph bike,https://www.bikedekho.com/triumph/trident/specifications
Triumph bike,https://www.bikedekho.com/triumph/bonneville-bobber/specifications
Triumph bike,https://www.bikedekho.com/triumph/tiger-900/specifications
Triumph bike,https://www.bikedekho.com/triumph/street-twin/specifications
Triumph bike,https://www.bikedekho.com/triumph/bonneville/specifications
Triumph bike,https://www.bikedekho.com/triumph/tiger-sport-660/specifications
Triumph bike,https://www.bikedekho.com/triumph/tiger-850/specifications
Triumph bike,https://www.bikedekho.com/triumph/speed-triple-1200/specifications
Triumph bike,https://www.bikedekho.com/triumph/tiger-1200/specifications
Triumph bike,https://www.bikedekho.com/triumph/speedmaster/specifications
Triumph bike,https://www.bikedekho.com/triumph/bonneville-t100/specifications
Triumph bike,https://www.bikedekho.com/triumph/street-scrambler/specifications
Triumph bike,https://www.bikedekho.com/triumph/scrambler-1200x/specifications
Triumph bike,https://www.bikedekho.com/triumph/speed-twin/specifications
Ducati bike,https://www.bikedekho.com/ducati/panigale-v4/specifications
Ducati bike,https://www.bikedekho.com/ducati/streetfighter-v4/specifications
Ducati bike,https://www.bikedekho.com/ducati/monster/specifications
Ducati bike,https://www.bikedekho.com/ducati/scrambler/specifications
Ducati bike,https://www.bikedekho.com/ducati/diavel-1260/specifications
Ducati bike,https://www.bikedekho.com/ducati/panigale-v2/specifications
Ducati bike,https://www.bikedekho.com/ducati/supersport/specifications
Ducati bike,https://www.bikedekho.com/ducati/desert-sled/specifications
Ducati bike,https://www.bikedekho.com/ducati/desertx/specifications
Ducati bike,https://www.bikedekho.com/ducati/scrambler-1100/specifications
Ducati bike,https://www.bikedekho.com/ducati/multistrada-v2/specifications
Ducati bike,https://www.bikedekho.com/ducati/multistrada-v4/specifications
Ducati bike,https://www.bikedekho.com/ducati/streetfighter-v2/specifications
Ducati bike,https://www.bikedekho.com/ducati/multistrada-950/specifications
BMW bike,https://www.bikedekho.com/bmw/s1000rr/specifications
BMW bike,https://www.bikedekho.com/bmw/g-310-rr/specifications
BMW bike,https://www.bikedekho.com/bmw/g-310-gs/specifications
BMW bike,https://www.bikedekho.com/bmw/g-310-r/specifications
BMW bike,https://www.bikedekho.com/bmw/r-1250-gs/specifications
BMW bike,https://www.bikedekho.com/bmw/m-1000-rr/specifications
BMW bike,https://www.bikedekho.com/bmw/c-400-gt/specifications
BMW bike,https://www.bikedekho.com/bmw/r-1250-gs-adventure/specifications
BMW bike,https://www.bikedekho.com/bmw/f-850-gs/specifications
BMW bike,https://www.bikedekho.com/bmw/k-1600/specifications
BMW bike,https://www.bikedekho.com/bmw/f-850-gs-adventure/specifications
BMW bike,https://www.bikedekho.com/bmw/2020-s-1000-xr/specifications
BMW bike,https://www.bikedekho.com/bmw/r-1250-rt/specifications
BMW bike,https://www.bikedekho.com/bmw/2021-s1000r/specifications
BMW bike,https://www.bikedekho.com/bmw/r-18-transcontinental/specifications
BMW bike,https://www.bikedekho.com/bmw/k-1600-b/specifications
BMW bike,https://www.bikedekho.com/bmw/k-1600-grand-america/specifications
BMW bike,https://www.bikedekho.com/bmw/f-900-xr/specifications
Kawasaki bike,https://www.bikedekho.com/kawasaki/ninja-zx-10r/specifications
Kawasaki bike,https://www.bikedekho.com/kawasaki/ninja-h2/specifications
Kawasaki bike,https://www.bikedekho.com/kawasaki/2020-z900/specifications
Kawasaki bike,https://www.bikedekho.com/kawasaki/ninja/specifications
Kawasaki bike,https://www.bikedekho.com/kawasaki/ninja-zx-6r/specifications
Kawasaki bike,https://www.bikedekho.com/kawasaki/ninja-500/specifications
Kawasaki bike,https://www.bikedekho.com/kawasaki/ninja-zx4r/specifications
Kawasaki bike,https://www.bikedekho.com/kawasaki/w175/specifications
Kawasaki bike,https://www.bikedekho.com/kawasaki/zh2/specifications
Kawasaki bike,https://www.bikedekho.com/kawasaki/2020-z650/specifications
Kawasaki bike,https://www.bikedekho.com/kawasaki/2020-ninja-650/specifications
Kawasaki bike,https://www.bikedekho.com/kawasaki/vulcan-s/specifications
Kawasaki bike,https://www.bikedekho.com/kawasaki/versys-650/specifications
Kawasaki bike,https://www.bikedekho.com/kawasaki/eliminator-400/specifications
Kawasaki bike,https://www.bikedekho.com/kawasaki/klx-110/specifications
Kawasaki bike,https://www.bikedekho.com/kawasaki/z650rs/specifications
Kawasaki bike,https://www.bikedekho.com/kawasaki/ninja-h2-sx/specifications
Kawasaki bike,https://www.bikedekho.com/kawasaki/kx-250-f/specifications
Kawasaki bike,https://www.bikedekho.com/kawasaki/w800/specifications
Kawasaki bike,https://www.bikedekho.com/kawasaki/klx-300r/specifications
Kawasaki bike,https://www.bikedekho.com/kawasaki/kx-450f/specifications
Kawasaki bike,https://www.bikedekho.com/kawasaki/klx-450r/specifications
Kawasaki bike,https://www.bikedekho.com/kawasaki/kx112/specifications
Kawasaki bike,https://www.bikedekho.com/kawasaki/z900rs/specifications
Kawasaki bike,https://www.bikedekho.com/kawasaki/klx230rs/specifications
Kawasaki bike,https://www.bikedekho.com/kawasaki/kx-65/specifications
Kawasaki bike,https://www.bikedekho.com/kawasaki/klx-140-g/specifications
Husqvarna bike,https://www.bikedekho.com/husqvarna/vitpilen-250/specifications
Husqvarna bike,https://www.bikedekho.com/husqvarna/svartpilen-250/specifications
Husqvarna bike,https://www.bikedekho.com/husqvarna/svartpilen/specifications
Revolt bike,https://www.bikedekho.com/revolt/rv-400/specifications
Revolt bike,https://www.bikedekho.com/revolt/rv400-brz/specifications
Ather bike,https://www.bikedekho.com/ather-energy/rizta/specifications
Ather bike,https://www.bikedekho.com/ather-energy/450x/specifications
Ather bike,https://www.bikedekho.com/ather-energy/450s/specifications
Ather bike,https://www.bikedekho.com/ather-energy/450-apex/specifications
Ola bike,https://www.bikedekho.com/ola-electric/s1-pro/specifications
Ola bike,https://www.bikedekho.com/ola-electric/s1x/specifications
Ola bike,https://www.bikedekho.com/ola-electric/s1-air/specifications
